{
	"credit": "Made with Blockbench",
	"texture_size": [1, 1],
	"textures": {
		"0": "fnaf_texture/fnaf4_texture/crying_child/crying_child_texture",
		"particle": "fnaf_texture/fnaf4_texture/crying_child/crying_child_texture"
	},
	"elements": [
		{
			"from": [3, 5, 7],
			"to": [8, 7, 11],
			"rotation": {"angle": 0, "axis": "y", "origin": [6, 3, 9]},
			"faces": {
				"north": {"uv": [1.14286, 6.85714, 3.42857, 11.42857], "rotation": 90, "texture": "#0"},
				"east": {"uv": [1.14286, 10.28571, 3.42857, 16], "rotation": 90, "texture": "#0"},
				"south": {"uv": [1.14286, 11.42857, 3.42857, 16], "rotation": 90, "texture": "#0"},
				"west": {"uv": [1.14286, 10.28571, 3.42857, 16], "rotation": 90, "texture": "#0"},
				"up": {"uv": [0, 10.28571, 4.57143, 16], "rotation": 180, "texture": "#0"},
				"down": {"uv": [0, 10.28571, 4.57143, 16], "rotation": 180, "texture": "#0"}
			}
		},
		{
			"from": [3, 3, 7],
			"to": [7, 5, 11],
			"rotation": {"angle": 0, "axis": "y", "origin": [6, 3, 9]},
			"faces": {
				"north": {"uv": [1.14286, 6.85714, 3.42857, 11.42857], "rotation": 90, "texture": "#0"},
				"east": {"uv": [1.14286, 10.28571, 3.42857, 16], "rotation": 90, "texture": "#0"},
				"south": {"uv": [1.14286, 11.42857, 3.42857, 16], "rotation": 90, "texture": "#0"},
				"west": {"uv": [1.14286, 10.28571, 3.42857, 16], "rotation": 90, "texture": "#0"},
				"up": {"uv": [0, 10.28571, 4.57143, 16], "rotation": 180, "texture": "#0"},
				"down": {"uv": [0, 10.28571, 4.57143, 16], "rotation": 180, "texture": "#0"}
			}
		},
		{
			"from": [8, 5, 7],
			"to": [13, 7, 11],
			"rotation": {"angle": 0, "axis": "y", "origin": [10, 3, 9]},
			"faces": {
				"north": {"uv": [1.14286, 6.85714, 3.42857, 11.42857], "rotation": 90, "texture": "#0"},
				"east": {"uv": [1.14286, 10.28571, 3.42857, 16], "rotation": 90, "texture": "#0"},
				"south": {"uv": [1.14286, 11.42857, 3.42857, 16], "rotation": 90, "texture": "#0"},
				"west": {"uv": [1.14286, 10.28571, 3.42857, 16], "rotation": 90, "texture": "#0"},
				"up": {"uv": [0, 10.28571, 4.57143, 16], "rotation": 180, "texture": "#0"},
				"down": {"uv": [0, 10.28571, 4.57143, 16], "rotation": 180, "texture": "#0"}
			}
		},
		{
			"from": [9, 3, 7],
			"to": [13, 5, 11],
			"rotation": {"angle": 0, "axis": "y", "origin": [10, 3, 9]},
			"faces": {
				"north": {"uv": [1.14286, 6.85714, 3.42857, 11.42857], "rotation": 90, "texture": "#0"},
				"east": {"uv": [1.14286, 10.28571, 3.42857, 16], "rotation": 90, "texture": "#0"},
				"south": {"uv": [1.14286, 11.42857, 3.42857, 16], "rotation": 90, "texture": "#0"},
				"west": {"uv": [1.14286, 10.28571, 3.42857, 16], "rotation": 90, "texture": "#0"},
				"up": {"uv": [0, 10.28571, 4.57143, 16], "rotation": 180, "texture": "#0"},
				"down": {"uv": [0, 10.28571, 4.57143, 16], "rotation": 180, "texture": "#0"}
			}
		},
		{
			"from": [1, 10, 8],
			"to": [3, 14, 10],
			"rotation": {"angle": 0, "axis": "y", "origin": [3, 14, 9]},
			"faces": {
				"north": {"uv": [2.28571, 1.14286, 3.42857, 2.28571], "texture": "#0"},
				"east": {"uv": [2.28571, 1.14286, 3.42857, 2.28571], "texture": "#0"},
				"south": {"uv": [2.28571, 1.14286, 3.42857, 2.28571], "texture": "#0"},
				"west": {"uv": [2.28571, 1.14286, 3.42857, 2.28571], "texture": "#0"},
				"up": {"uv": [2.28571, 1.14286, 3.42857, 2.28571], "texture": "#0"},
				"down": {"uv": [2.28571, 1.14286, 3.42857, 2.28571], "texture": "#0"}
			}
		},
		{
			"from": [3, 1, 8],
			"to": [7, 3, 10],
			"rotation": {"angle": 0, "axis": "y", "origin": [12, 14, 9]},
			"faces": {
				"north": {"uv": [2.28571, 1.14286, 3.42857, 2.28571], "texture": "#0"},
				"east": {"uv": [2.28571, 1.14286, 3.42857, 2.28571], "texture": "#0"},
				"south": {"uv": [2.28571, 1.14286, 3.42857, 2.28571], "texture": "#0"},
				"west": {"uv": [2.28571, 1.14286, 3.42857, 2.28571], "texture": "#0"},
				"up": {"uv": [2.28571, 1.14286, 3.42857, 2.28571], "texture": "#0"},
				"down": {"uv": [2.28571, 1.14286, 3.42857, 2.28571], "texture": "#0"}
			}
		},
		{
			"from": [9, 1, 8],
			"to": [13, 3, 10],
			"rotation": {"angle": 0, "axis": "y", "origin": [12, 14, 9]},
			"faces": {
				"north": {"uv": [2.28571, 1.14286, 3.42857, 2.28571], "texture": "#0"},
				"east": {"uv": [2.28571, 1.14286, 3.42857, 2.28571], "texture": "#0"},
				"south": {"uv": [2.28571, 1.14286, 3.42857, 2.28571], "texture": "#0"},
				"west": {"uv": [2.28571, 1.14286, 3.42857, 2.28571], "texture": "#0"},
				"up": {"uv": [2.28571, 1.14286, 3.42857, 2.28571], "texture": "#0"},
				"down": {"uv": [2.28571, 1.14286, 3.42857, 2.28571], "texture": "#0"}
			}
		},
		{
			"from": [9, -1, 7],
			"to": [13, 1, 10],
			"rotation": {"angle": 0, "axis": "y", "origin": [12, 14, 9]},
			"faces": {
				"north": {"uv": [13.71429, 0, 16, 3.42857], "texture": "#0"},
				"east": {"uv": [13.71429, 0, 16, 3.42857], "texture": "#0"},
				"south": {"uv": [13.71429, 0, 16, 3.42857], "texture": "#0"},
				"west": {"uv": [13.71429, 0, 16, 3.42857], "texture": "#0"},
				"up": {"uv": [13.71429, 0, 16, 3.42857], "texture": "#0"},
				"down": {"uv": [13.71429, 0, 16, 3.42857], "texture": "#0"}
			}
		},
		{
			"from": [3, -1, 7],
			"to": [7, 1, 10],
			"rotation": {"angle": 0, "axis": "y", "origin": [12, 14, 9]},
			"faces": {
				"north": {"uv": [13.71429, 0, 16, 3.42857], "texture": "#0"},
				"east": {"uv": [13.71429, 0, 16, 3.42857], "texture": "#0"},
				"south": {"uv": [13.71429, 0, 16, 3.42857], "texture": "#0"},
				"west": {"uv": [13.71429, 0, 16, 3.42857], "texture": "#0"},
				"up": {"uv": [13.71429, 0, 16, 3.42857], "texture": "#0"},
				"down": {"uv": [13.71429, 0, 16, 3.42857], "texture": "#0"}
			}
		},
		{
			"from": [0, 7, 7],
			"to": [3, 10, 11],
			"rotation": {"angle": 0, "axis": "y", "origin": [3, 14, 9]},
			"faces": {
				"north": {"uv": [2.28571, 1.14286, 3.42857, 2.28571], "texture": "#0"},
				"east": {"uv": [2.28571, 1.14286, 3.42857, 2.28571], "texture": "#0"},
				"south": {"uv": [2.28571, 1.14286, 3.42857, 2.28571], "texture": "#0"},
				"west": {"uv": [2.28571, 1.14286, 3.42857, 2.28571], "texture": "#0"},
				"up": {"uv": [2.28571, 1.14286, 3.42857, 2.28571], "texture": "#0"},
				"down": {"uv": [2.28571, 1.14286, 3.42857, 2.28571], "texture": "#0"}
			}
		},
		{
			"from": [13, 10, 8],
			"to": [15, 14, 10],
			"rotation": {"angle": 0, "axis": "y", "origin": [12, 14, 9]},
			"faces": {
				"north": {"uv": [2.28571, 1.14286, 3.42857, 2.28571], "texture": "#0"},
				"east": {"uv": [2.28571, 1.14286, 3.42857, 2.28571], "texture": "#0"},
				"south": {"uv": [2.28571, 1.14286, 3.42857, 2.28571], "texture": "#0"},
				"west": {"uv": [2.28571, 1.14286, 3.42857, 2.28571], "texture": "#0"},
				"up": {"uv": [2.28571, 1.14286, 3.42857, 2.28571], "texture": "#0"},
				"down": {"uv": [2.28571, 1.14286, 3.42857, 2.28571], "texture": "#0"}
			}
		},
		{
			"from": [13, 7, 7],
			"to": [16, 10, 11],
			"rotation": {"angle": 0, "axis": "y", "origin": [12, 14, 9]},
			"faces": {
				"north": {"uv": [2.28571, 1.14286, 3.42857, 2.28571], "texture": "#0"},
				"east": {"uv": [2.28571, 1.14286, 3.42857, 2.28571], "texture": "#0"},
				"south": {"uv": [2.28571, 1.14286, 3.42857, 2.28571], "texture": "#0"},
				"west": {"uv": [2.28571, 1.14286, 3.42857, 2.28571], "texture": "#0"},
				"up": {"uv": [2.28571, 1.14286, 3.42857, 2.28571], "texture": "#0"},
				"down": {"uv": [2.28571, 1.14286, 3.42857, 2.28571], "texture": "#0"}
			}
		},
		{
			"from": [3, 7, 7],
			"to": [13, 15, 11],
			"faces": {
				"north": {"uv": [4.57143, 6.85714, 16, 16], "texture": "#0"},
				"east": {"uv": [4.57143, 6.85714, 9.14286, 16], "texture": "#0"},
				"south": {"uv": [4.57143, 6.85714, 16, 16], "texture": "#0"},
				"west": {"uv": [11.42857, 6.85714, 16, 16], "texture": "#0"},
				"up": {"uv": [4.57143, 11.42857, 16, 16], "texture": "#0"},
				"down": {"uv": [4.57143, 11.42857, 16, 16], "texture": "#0"}
			}
		},
		{
			"from": [5, 15, 7],
			"to": [11, 16, 11],