{
	"credit": "Made with Blockbench",
	"texture_size": [1, 1],
	"textures": {
		"0": "fnaf_texture/fnaf_items/glamrock_freddy_plush",
		"particle": "fnaf_texture/fnaf_items/glamrock_freddy_plush"
	},
	"elements": [
		{
			"from": [5, 0, 5],
			"to": [7, 2, 8],
			"rotation": {"angle": 0, "axis": "y", "origin": [7, 1, 8.5]},
			"faces": {
				"north": {"uv": [5.33333, 13.33333, 6.66667, 14.66667], "rotation": 270, "texture": "#0"},
				"east": {"uv": [13.33333, 6.66667, 16, 10.66667], "rotation": 270, "texture": "#0"},
				"south": {"uv": [13.33333, 8, 16, 10.66667], "rotation": 270, "texture": "#0"},
				"west": {"uv": [13.33333, 6.66667, 16, 10.66667], "rotation": 90, "texture": "#0"},
				"up": {"uv": [13.33333, 6.66667, 16, 10.66667], "rotation": 180, "texture": "#0"},
				"down": {"uv": [13.33333, 6.66667, 16, 10.66667], "texture": "#0"}
			}
		},
		{
			"from": [9, 0, 5],
			"to": [11, 2, 8],
			"rotation": {"angle": 0, "axis": "y", "origin": [7, 1, 8.5]},
			"faces": {
				"north": {"uv": [5.33333, 13.33333, 6.66667, 14.66667], "rotation": 270, "texture": "#0"},
				"east": {"uv": [13.33333, 6.66667, 16, 10.66667], "rotation": 270, "texture": "#0"},
				"south": {"uv": [13.33333, 8, 16, 10.66667], "rotation": 270, "texture": "#0"},
				"west": {"uv": [13.33333, 6.66667, 16, 10.66667], "rotation": 90, "texture": "#0"},
				"up": {"uv": [13.33333, 6.66667, 16, 10.66667], "rotation": 180, "texture": "#0"},
				"down": {"uv": [13.33333, 6.66667, 16, 10.66667], "texture": "#0"}
			}
		},
		{
			"from": [9.5, 4, 9],
			"to": [13.5, 6, 11],
			"rotation": {"angle": -22.5, "axis": "z", "origin": [11, 1, 9.5]},
			"faces": {
				"north": {"uv": [13.33333, 14.66667, 16, 9.33333], "rotation": 270, "texture": "#0"},
				"east": {"uv": [4, 14.66667, 5.33333, 13.33333], "rotation": 90, "texture": "#0"},
				"south": {"uv": [13.33333, 14.66667, 16, 9.33333], "rotation": 90, "texture": "#0"},
				"west": {"uv": [14.66667, 10.66667, 16, 9.33333], "rotation": 270, "texture": "#0"},
				"up": {"uv": [16, 9.33333, 13.33333, 14.66667], "rotation": 270, "texture": "#0"},
				"down": {"uv": [16, 9.33333, 13.33333, 14.66667], "rotation": 270, "texture": "#0"}
			}
		},
		{
			"from": [3, 6.3, 9],
			"to": [7, 8.3, 11],
			"rotation": {"angle": 22.5, "axis": "z", "origin": [11, 1, 9.5]},
			"faces": {
				"north": {"uv": [13.33333, 14.66667, 16, 9.33333], "rotation": 90, "texture": "#0"},
				"east": {"uv": [14.66667, 10.66667, 16, 9.33333], "rotation": 90, "texture": "#0"},
				"south": {"uv": [13.33333, 14.66667, 16, 9.33333], "rotation": 270, "texture": "#0"},
				"west": {"uv": [4, 14.66667, 5.33333, 13.33333], "rotation": 270, "texture": "#0"},
				"up": {"uv": [16, 9.33333, 13.33333, 14.66667], "rotation": 90, "texture": "#0"},
				"down": {"uv": [16, 9.33333, 13.33333, 14.66667], "rotation": 90, "texture": "#0"}
			}
		},
		{
			"from": [3, 11.99, 9.5],
			"to": [5, 13.99, 10.5],
			"rotation": {"angle": 0, "axis": "y", "origin": [11, 1, 9.5]},
			"faces": {
				"north": {"uv": [4, 14.66667, 5.33333, 13.33333], "rotation": 180, "texture": "#0"},
				"east": {"uv": [0, 7.2, 0.8, 8.8], "texture": "#0"},
				"south": {"uv": [0, 7.2, 1.6, 8.8], "texture": "#0"},
				"west": {"uv": [0, 7.2, 0.8, 8.8], "texture": "#0"},
				"up": {"uv": [0, 7.2, 6.4, 8], "texture": "#0"},
				"down": {"uv": [0, 7.2, 0.8, 8.8], "texture": "#0"}
			}
		},
		{
			"from": [11, 11.99, 9.5],
			"to": [13, 13.99, 10.5],
			"rotation": {"angle": 0, "axis": "y", "origin": [11, 1, 9.5]},
			"faces": {
				"north": {"uv": [4, 14.66667, 5.33333, 13.33333], "rotation": 180, "texture": "#0"},
				"east": {"uv": [0, 7.2, 0.8, 8.8], "texture": "#0"},
				"south": {"uv": [0, 7.2, 1.6, 8.8], "texture": "#0"},
				"west": {"uv": [0, 7.2, 0.8, 8.8], "texture": "#0"},
				"up": {"uv": [0, 7.2, 6.4, 8], "texture": "#0"},
				"down": {"uv": [0, 7.2, 0.8, 8.8], "texture": "#0"}
			}
		},
		{
			"from": [5, 0, 8],
			"to": [11, 6, 12],
			"faces": {
				"north": {"uv": [0, 8, 8, 16], "texture": "#0"},
				"east": {"uv": [14.66667, 10.66667, 16, 12], "texture": "#0"},
				"south": {"uv": [14.66667, 10.66667, 16, 12], "texture": "#0"},
				"west": {"uv": [14.66667, 10.66667, 16, 12], "texture": "#0"},
				"up": {"uv": [14.66667, 10.66667, 16, 12], "texture": "#0"},
				"down": {"uv": [14.66667, 10.66667, 16, 12], "texture": "#0"}
			}
		},
		{
			"from": [8, 6, 7],
			"to": [12, 13, 13],
			"faces": {
				"north": {"uv": [4, 1.33333, 10.66667, 5.33333], "rotation": 90, "texture": "#0"},
				"east": {"uv": [8, 9.33333, 16, 1.33333], "rotation": 180, "texture": "#0"},
				"south": {"uv": [10.66667, 0, 16, 6.66667], "texture": "#0"},
				"west": {"uv": [8, 1.33333, 16, 9.33333], "texture": "#0"},
				"up": {"uv": [8, 1.33333, 16, 6.66667], "rotation": 90, "texture": "#0"},
				"down": {"uv": [13.33333, 0, 16, 5.33333], "texture": "#0"}
			}
		},
		{
			"from": [4, 6, 7],
			"to": [8, 13, 13],
			"faces": {
				"north": {"uv": [5.33333, 0, 9.33333, 6.66667], "rotation": 180, "texture": "#0"},
				"east": {"uv": [8, 9.33333, 16, 1.33333], "rotation": 180, "texture": "#0"},
				"south": {"uv": [10.66667, 0, 16, 6.66667], "texture": "#0"},
				"west": {"uv": [8, 1.33333, 16, 9.33333], "texture": "#0"},
				"up": {"uv": [8, 1.33333, 16, 6.66667], "rotation": 90, "texture": "#0"},
				"down": {"uv": [13.33333, 0, 16, 5.33333], "texture": "#0"}
			}
		},
		{
			"from": [3, 5.9, 6],
			"to": [13, 9, 8],
			"faces": {
				"north": {"uv": [4, 14.66667, 5.33333, 13.33333], "rotation": 180, "texture": "#0"},
				"east": {"uv": [4, 14.66667, 5.33333, 13.33333], "rotation": 180, "texture": "#0"},
				"south": {"uv": [4, 14.66667, 5.33333, 13.33333], "rotation": 180, "texture": "#0"},
				"west": {"uv": [4, 14.66667, 5.33333, 13.33333], "rotation": 180, "texture": "#0"},
				"up": {"uv": [4, 14.66667, 5.33333, 13.33333], "rotation": 180, "texture": "#0"},
				"down": {"uv": [4, 14.66667, 5.33333, 13.33333], "rotation": 180, "texture": "#0"}
			}
		},
		{
			"from": [4, 7, 5],
			"to": [12, 9, 6],
			"faces": {
				"north": {"uv": [4, 14.66667, 5.33333, 13.33333], "rotation": 180, "texture": "#0"},
				"east": {"uv": [4, 14.66667, 5.33333, 13.33333], "rotation": 180, "texture": "#0"},
				"south": {"uv": [4, 14.66667, 5.33333, 13.33333], "rotation": 180, "texture": "#0"},
				"west": {"uv": [4, 14.66667, 5.33333, 13.33333], "rotation": 180, "texture": "#0"},
				"up": {"uv": [4, 14.66667, 5.33333, 13.33333], "rotation": 180, "texture": "#0"},
				"down": {"uv": [4, 14.66667, 5.33333, 13.33333], "rotation": 180, "texture": "#0"}
			}
		},
		{
			"from": [7, 8.5, 4.5],
			"to": [9, 9.5, 5.5],
			"faces": {
				"north": {"uv": [10.66667, 13.33333, 13.33333, 12], "rotation": 180, "texture": "#0"},
				"east": {"uv": [12, 14.66667, 13.33333, 13.33333], "rotation": 180, "texture": "#0"},
				"south": {"uv": [10.66667, 13.33333, 13.33333, 12], "rotation": 180, "texture": "#0"},
				"west": {"uv": [9.33333, 14.66667, 10.66667, 13.33333], "rotation": 180, "texture": "#0"},
				"up": {"uv": [10.66667, 13.33333, 13.33333, 12], "rotation": 180, "texture": "#0"},
				"down": {"uv": [10.66667, 13.33333, 13.33333, 12], "rotation": 180, "texture": "#0"}
			}
		},
		{
			"from": [7, 5, 7.5],
			"to": [9, 6, 8.5],
			"faces": {
				"north": {"uv": [10.66667, 13.33333, 13.33333, 12], "rotation": 180, "texture": "#0"},
				"east": {"uv": [12, 14.66667, 13.33333, 13.33333], "rotation": 180, "texture": "#0"},
				"south": {"uv": [10.66667, 13.33333, 13.33333, 12], "rotation": 180, "texture": "#0"},
				"west": {"uv": [9.33333, 14.66667, 10.66667, 13.33333], "rotation": 180, "texture": "#0"},
				"up": {"uv": [10.66667, 13.33333, 13.33333, 12], "rotation": 180, "texture": "#0"},
				"down": {"uv": [10.66667, 13.33333, 13.33333, 12], "rotation": 180, "texture": "#0"}
			}
		},
		{
			"from": [6, 13, 8],
			"to": [10, 14, 12],
			"faces": {
				"north": {"uv": [12, 14.66667, 16, 16], "texture": "#0"},
				"east": {"uv": [12, 14.66667, 16, 16],